Hospital,Department,n_type1,n_type2,,,,,,,,,
Aalborg Universitetshospital,Alb Akut Modtageafdeling,-,-,,,,,,,,,
Aalborg Universitetshospital,Alb Børne Akut Amb,-,-,,,,,,,,,
Aalborg Universitetshospital,Alb Børneafd. amb.,683,-,,,,,,,,,
Aalborg Universitetshospital,Alb Børneafdeling,-,-,,,,,,,,,
Aalborg Universitetshospital,Alb Dagafdeling Børn,<5,-,,,,,,,,,
Aalborg Universitetshospital,Alb Endokrin - Deldøgnsafs,257,-,,,,,,,,,
Aalborg Universitetshospital,Alb Endokrin. amb.,4.819,3.419,,,,,,,,,
Aalborg Universitetshospital,Alb Endokrinologisk afd.,-,-,,,,,,,,,
Aalborg Universitetshospital,Alb Geriatrisk Afd.,-,-,,,,,,,,,
Aalborg Universitetshospital,Alb Hæmatologisk afd.,-,-,,,,,,,,,
Aalborg Universitetshospital,Alb Infektionsmed. sengeafd.,-,-,,,,,,,,,
Aalborg Universitetshospital,Alb Kardiologisk Afd.,-,-,,,,,,,,,
Aalborg Universitetshospital,Alb Kardiologisk Amb.,<5,57,,,,,,,,,
Aalborg Universitetshospital,Alb Karkirurgisk Ambulatorium,<5,8,,,,,,,,,
Aalborg Universitetshospital,Alb Med gastroenterologisk amb,<5,<5,,,,,,,,,
Aalborg Universitetshospital,Alb Nyremed. dagafdeling,<5,28,,,,,,,,,
Aalborg Universitetshospital,Alb Nyremedicinsk ambulatorium,34,250,,,,,,,,,
Aalborg Universitetshospital,Alb Nyremedicinsk sengeafdeling,-,-,,,,,,,,,
Aalborg Universitetshospital,Alb O-kir ambulant,129,592,,,,,,,,,
Aalborg Universitetshospital,Alb O-kir sengeafdeling,-,-,,,,,,,,,
Aalborg Universitetshospital,Alb Onkologisk afd.,-,-,,,,,,,,,
Aalborg Universitetshospital,Alb Skade-Modtageafsnit,-,-,,,,,,,,,
Aalborg Universitetshospital,Alb Øjenafd. amb.,5,-,,,,,,,,,
Aalborg Universitetshospital,Far Medicinsk Ambulatorium,440,1.085,,,,,,,,,
Aalborg Universitetshospital,Far O-kir sengeafdeling,-,-,,,,,,,,,
Aalborg Universitetshospital,Hjr O-kir ambulatorium,10,29,,,,,,,,,
Aalborg Universitetshospital,Hjr O-kir sengeafdeling,-,-,,,,,,,,,
Aalborg Universitetshospital,Hob Akut Medicinsk Modtageafdeling,-,-,,,,,,,,,
Aalborg Universitetshospital,Hob Medicinsk Amb,9,26,,,,,,,,,
Aalborg Universitetshospital,ON Skadestuer,-,-,,,,,,,,,
Aalborg Universitetshospital,Thy Ortopædkirurgisk Amb.,<5,26,,,,,,,,,
"Aalborg Universitetshospital, Thisted",Thy Akut Modtageafdeling,-,-,,,,,,,,,
"Aalborg Universitetshospital, Thisted",Thy Med. Amb.,591,799,,,,,,,,,
"Aalborg Universitetshospital, Thisted",Thy Med. sengeafdelinger,-,-,,,,,,,,,
"Aalborg Universitetshospital, Thisted",Thy Skadestue,-,-,,,,,,,,,
Aarhus Universitetshospital,Akutafdeling,-,-,,,,,,,,,
Aarhus Universitetshospital,Akutafdeling Akutafsnit,-,-,,,,,,,,,
Aarhus Universitetshospital,Børn og Unge - Afsnit,-,-,,,,,,,,,
Aarhus Universitetshospital,Børn og Unge Afsnit for Akut Sygdom,-,-,,,,,,,,,
Aarhus Universitetshospital,Børn og Unge Dagafsnit,26,-,,,,,,,,,
Aarhus Universitetshospital,Børn og Unge Klinik,950,14,,,,,,,,,
Aarhus Universitetshospital,Diabetes og Hormonsygdomme Sengeafdeling,-,-,,,,,,,,,
Aarhus Universitetshospital,Fod Stamafdeling Ortopædkirurgi,-,-,,,,,,,,,
Aarhus Universitetshospital,Graviditet og Fødsler,<5,-,,,,,,,,,
Aarhus Universitetshospital,Hjerte- Lunge- og Karkirurgi Klinik,8,10,,,,,,,,,
Aarhus Universitetshospital,Hjertesygdomme klinik,<5,<5,,,,,,,,,
Aarhus Universitetshospital,"Klinik for Diabetes, Knogle- og Hormonsygdomme",3.221,3.426,,,,,,,,,
Aarhus Universitetshospital,Klinik for Hud- og Kønssygdomme,<5,9,,,,,,,,,
Aarhus Universitetshospital,Klinik for Ældresygdomme,14,65,,,,,,,,,
Aarhus Universitetshospital,Kræftafdelingen Sengeafsnit,-,-,,,,,,,,,
Aarhus Universitetshospital,"Lever-, Mave- og Tarmsygdomme Klinikker",57,30,,,,,,,,,
Aarhus Universitetshospital,"Lever-, Mave- og Tarmsygdomme sengeafdeling",-,-,,,,,,,,,
Aarhus Universitetshospital,LUKKET - Mave- og Tarmkirurgi Klinikker,<5,-,,,,,,,,,
Aarhus Universitetshospital,Mave- og Tarmkirurgi Stationær,-,-,,,,,,,,,
Aarhus Universitetshospital,Medicinsk Endokrinologisk Ambulatorium MEA NBG,1.705,1.974,,,,,,,,,
Aarhus Universitetshospital,Neurologisk Sengeafdeling,-,-,,,,,,,,,
Aarhus Universitetshospital,Neurologiske Klinikker,<5,<5,,,,,,,,,
Aarhus Universitetshospital,Nyremedicinske Dialyseklinikker,<5,162,,,,,,,,,
Aarhus Universitetshospital,Nyremedicinske Klinikker,101,384,,,,,,,,,
Aarhus Universitetshospital,Nyresygdomme,-,-,,,,,,,,,
Aarhus Universitetshospital,Ortopædkirurgi - Fod Klinik,54,53,,,,,,,,,
Aarhus Universitetshospital,Ortopædkirurgi Akut Stamafdeling,-,-,,,,,,,,,
Aarhus Universitetshospital,Steno Diabetes Center Aarhus Klinik,1.07,833,,,,,,,,,
Aarhus Universitetshospital,Øjensygdomme Klinikker,8,178,,,,,,,,,
Amager og Hvidovre Hospital,"Akutklinik Observation, AMH",-,-,,,,,,,,,
Amager og Hvidovre Hospital,"Akutklinik, AMH",-,-,,,,,,,,,
Amager og Hvidovre Hospital,Anæsthesiologisk afdeling,-,-,,,,,,,,,
Amager og Hvidovre Hospital,Børneafdelingen,-,-,,,,,,,,,
Amager og Hvidovre Hospital,Børneafdelingens ambulatorium,-,-,,,,,,,,,
Amager og Hvidovre Hospital,Endokrinologi ambulant,2.304,4.943,,,,,,,,,
Amager og Hvidovre Hospital,Endokrinologi dagfunktion,460,1.732,,,,,,,,,
Amager og Hvidovre Hospital,Endokrinologi senge,-,-,,,,,,,,,
Amager og Hvidovre Hospital,"Endokrinologisk Amb., AMH",1.216,3.899,,,,,,,,,
Amager og Hvidovre Hospital,Hjertemedicin senge,-,-,,,,,,,,,
Amager og Hvidovre Hospital,Infektionsmedicinsk afd.,-,-,,,,,,,,,
Amager og Hvidovre Hospital,"Intern Medicin Amb., AMH",26,32,,,,,,,,,
Amager og Hvidovre Hospital,Kir. gastroenterologisk amb.,-,<5,,,,,,,,,
Amager og Hvidovre Hospital,Kir.gastroenterologisk afsnit,-,-,,,,,,,,,
Amager og Hvidovre Hospital,Lungemedicin ambulant,<5,-,,,,,,,,,
Amager og Hvidovre Hospital,"Lungemedicinsk Afdeling, AMH",-,-,,,,,,,,,
Amager og Hvidovre Hospital,Med. gastroenterologisk afsnit,-,-,,,,,,,,,
Amager og Hvidovre Hospital,Med. gastroenterologisk amb.,<5,5,,,,,,,,,
Amager og Hvidovre Hospital,"Med. gastroenterologisk, dagafsnit",<5,<5,,,,,,,,,
Amager og Hvidovre Hospital,Obstetrisk ambulatorium,-,-,,,,,,,,,
Amager og Hvidovre Hospital,Ortopæd-kirurgisk afdeling,-,-,,,,,,,,,
Amager og Hvidovre Hospital,Ortopæd-kirurgisk ambulatorium,93,394,,,,,,,,,
Amager og Hvidovre Hospital,Skadestuen,-,-,,,,,,,,,
Bispebjerg og Frederiksberg Hospitaler,"Akutklinik, FRH",-,-,,,,,,,,,
Bispebjerg og Frederiksberg Hospitaler,"Akutmodtagelse, Medicinsk Modtageafdeling",-,-,,,,,,,,,
Bispebjerg og Frederiksberg Hospitaler,"Akutmodtagelse, Skadeafdeling",-,-,,,,,,,,,
Bispebjerg og Frederiksberg Hospitaler,Anæstesi,-,-,,,,,,,,,
Bispebjerg og Frederiksberg Hospitaler,Dermato-venerologisk amb. D,35,7,,,,,,,,,
Bispebjerg og Frederiksberg Hospitaler,Endokrinologisk Ambulatorium I,1.835,3.636,,,,,,,,,
Bispebjerg og Frederiksberg Hospitaler,Endokrinologisk Sengeafd. I,-,6,,,,,,,,,
Bispebjerg og Frederiksberg Hospitaler,"Geriatrisk ambulatorieafdeling, FRH",<5,35,,,,,,,,,
Bispebjerg og Frederiksberg Hospitaler,"Hjerteafdelingen, Amb., FRH",5,33,,,,,,,,,
Bispebjerg og Frederiksberg Hospitaler,Kardiologisk afdeling Y,-,-,,,,,,,,,
Bispebjerg og Frederiksberg Hospitaler,"Medicinsk Ambulatorium, FRH",713,1.911,,,,,,,,,
Bispebjerg og Frederiksberg Hospitaler,"Medicinsk Modtageafdeling, FRH",-,-,,,,,,,,,
Bispebjerg og Frederiksberg Hospitaler,Neurologisk Sengeafd. akut apopleksi,-,-,,,,,,,,,
Bispebjerg og Frederiksberg Hospitaler,Ortopædkirurgisk afd. M,-,-,,,,,,,,,
Bispebjerg og Frederiksberg Hospitaler,Ortopædkirurgisk amb. M,<5,17,,,,,,,,,
Bispebjerg og Frederiksberg Hospitaler,"Socialmedicinsk Enhed, FRH",<5,6,,,,,,,,,
Bispebjerg og Frederiksberg Hospitaler,Videncenter for sårheling,-,-,,,,,,,,,
Bispebjerg og Frederiksberg Hospitaler,"Videncenter for sårheling, amb. S",106,300,,,,,,,,,
Bornholms Hospital,Akutmodtagelsen,-,-,,,,,,,,,
Bornholms Hospital,Kirurgisk ambulatorium,44,154,,,,,,,,,
Bornholms Hospital,Kirurgisk sengeafs.,-,-,,,,,,,,,
Bornholms Hospital,Medicinsk ambulatorium,324,1.491,,,,,,,,,
Bornholms Hospital,Medicinsk sengeafs.,-,-,,,,,,,,,
Herlev og Gentofte Hospital,"AKUTKLINIK, GE",-,-,,,,,,,,,
Herlev og Gentofte Hospital,Anæstesiologisk afdeling I,-,-,,,,,,,,,
Herlev og Gentofte Hospital,Børneafdeling amb. EA,2.914,40,,,,,,,,,
Herlev og Gentofte Hospital,Børneafdeling E sengeafd.,-,-,,,,,,,,,
Herlev og Gentofte Hospital,"Gastroenheden Kir. Med DA, amb",<5,<5,,,,,,,,,
Herlev og Gentofte Hospital,Gastroenheden udefunk.Gentofte,<5,-,,,,,,,,,
Herlev og Gentofte Hospital,Hjertemedicinsk Ambulatorium SA,5,7,,,,,,,,,
Herlev og Gentofte Hospital,"HJERTEMEDICINSK KLINIK SA, GE",<5,19,,,,,,,,,
Herlev og Gentofte Hospital,"KLINIK FOR HÅNDKIRURGI T3A, GE",<5,5,,,,,,,,,
Herlev og Gentofte Hospital,Medicinsk afdeling  amb. OA,<5,288,,,,,,,,,
Herlev og Gentofte Hospital,"MEDICINSK AFDELING C, GE",-,-,,,,,,,,,
Herlev og Gentofte Hospital,Medicinsk afdeling O sengeafd.,-,-,,,,,,,,,
Herlev og Gentofte Hospital,"MEDICINSK KLINIK CA, GE",<5,491,,,,,,,,,
Herlev og Gentofte Hospital,Nefrologisk afdeling B,-,-,,,,,,,,,
Herlev og Gentofte Hospital,Nefrologisk ambulatorium B/A,237,310,,,,,,,,,
Herlev og Gentofte Hospital,"Neurologisk afdeling N, sengeafd.",-,-,,,,,,,,,
Herlev og Gentofte Hospital,Ortopæd-kirurgisk afdeling T,-,-,,,,,,,,,
Herlev og Gentofte Hospital,Ortopædkirurgisk amb. T/A,66,218,,,,,,,,,
Herlev og Gentofte Hospital,Skadestue,-,-,,,,,,,,,
Hospitalerne i Nordsjælland,"FS Akutklinik, skadestue",-,-,,,,,,,,,
Hospitalerne i Nordsjælland,"FS Kardio-Endokrin Afd., senge",-,-,,,,,,,,,
Hospitalerne i Nordsjælland,"FS Kir. Afd., Med. Gas., senge",-,-,,,,,,,,,
Hospitalerne i Nordsjælland,"HI Børne- og ungeafd., amb.",924,5,,,,,,,,,
Hospitalerne i Nordsjælland,"HI Børne- og ungeafd., senge",-,-,,,,,,,,,
Hospitalerne i Nordsjælland,"HI Endokrinologisk Afd., amb.",3.171,4.391,,,,,,,,,
Hospitalerne i Nordsjælland,"HI Forskningsafdeling, Amb.",52,43,,,,,,,,,
Hospitalerne i Nordsjælland,"HI Gynækologisk Afd., amb.",<5,<5,,,,,,,,,
Hospitalerne i Nordsjælland,"HI Gynækologisk Afd., senge",-,-,,,,,,,,,
Hospitalerne i Nordsjælland,"HI Intensiv Afd., senge",-,-,,,,,,,,,
Hospitalerne i Nordsjælland,"HI Kard-Nefro-Endo Afd., senge",-,-,,,,,,,,,
Hospitalerne i Nordsjælland,"HI Kardiologisk Afd., amb.",8,80,,,,,,,,,
Hospitalerne i Nordsjælland,"HI Lunge- & Infmed. Afd, senge",-,-,,,,,,,,,
Hospitalerne i Nordsjælland,"HI Nefrologisk Afd., amb.",91,501,,,,,,,,,
Hospitalerne i Nordsjælland,"HI Neurologisk Afd., amb.",<5,-,,,,,,,,,
Hospitalerne i Nordsjælland,"HI Neurologisk Afd., senge",-,-,,,,,,,,,
Hospitalerne i Nordsjælland,"HI Ortkir. Afd., amb.",46,424,,,,,,,,,
Hospitalerne i Nordsjælland,"HI Ortkir. Afd., senge",-,-,,,,,,,,,
Hospitalerne i Nordsjælland,"HI Øre-næse-halsafd., amb.",<5,-,,,,,,,,,
Hospitalerne i Nordsjælland,"HI Øre-næse-halsafd., senge",-,-,,,,,,,,,
Hospitalerne i Nordsjælland,"HI, Akutafd., skadestue",-,-,,,,,,,,,
Hospitalerne i Nordsjælland,"SH Akutklinik, skadestue",-,-,,,,,,,,,
Hospitalerne i Nordsjælland,"SH Endokrinologisk Afd., amb.",103,103,,,,,,,,,
Hospitalerne i Nordsjælland,"Øjenafd., Amb.",13,<5,,,,,,,,,
Hospitalsenhed Midt,Akut Opfølgning,<5,<5,,,,,,,,,
Hospitalsenhed Midt,Akutafsnit,-,-,,,,,,,,,
Hospitalsenhed Midt,Børn og Unge,-,-,,,,,,,,,
Hospitalsenhed Midt,Børn og Unge Klinikken,679,14,,,,,,,,,
Hospitalsenhed Midt,Hjerteklinik Viborg,<5,<5,,,,,,,,,
Hospitalsenhed Midt,Karkirurgisk Afsnit,-,-,,,,,,,,,
Hospitalsenhed Midt,Karkirurgisk Klinik,<5,9,,,,,,,,,
Hospitalsenhed Midt,Klinik for Diabetes og Hormonsygdomme Silkeborg,1.493,1.949,,,,,,,,,
Hospitalsenhed Midt,Klinik for Diabetes- og Hormonsygdomme,2.759,1.889,,,,,,,,,
Hospitalsenhed Midt,Klinik for Modtagelse og Opfølgning 2 Silkeborg,6,12,,,,,,,,,
Hospitalsenhed Midt,Klinik for Nyresygdomme Viborg,31,104,,,,,,,,,
Hospitalsenhed Midt,Klinik for Ældresygdomme Silkeborg,<5,10,,,,,,,,,
Hospitalsenhed Midt,Kllinik for Mave-Tarmsygdomme Viborg,<5,-,,,,,,,,,
Hospitalsenhed Midt,Kllinik for Modtagelse og Opfølgning 1 Silkeborg,<5,<5,,,,,,,,,
Hospitalsenhed Midt,Medicinsk Afsnit Silkeborg,-,-,,,,,,,,,
Hospitalsenhed Midt,Medicinsk Afsnit Viborg,-,-,,,,,,,,,
Hospitalsenhed Midt,Medicinsk Tværfaglig Klinik Viborg,<5,<5,,,,,,,,,
Hospitalsenhed Midt,Neurologisk Klinik Viborg,<5,<5,,,,,,,,,
Hospitalsenhed Midt,Ortopædkirurgisk Afsnit Viborg,-,-,,,,,,,,,
Hospitalsenhed Midt,Ortopædkirurgisk Klinik Viborg,16,15,,,,,,,,,
Hospitalsenhed Midt,Sårcenter,188,772,,,,,,,,,
Hospitalsenheden Vest,Akut senge Herning,-,-,,,,,,,,,
Hospitalsenheden Vest,Børne Ambulatorium Herning,784,-,,,,,,,,,
Hospitalsenheden Vest,Børne Senge Herning,-,-,,,,,,,,,
Hospitalsenheden Vest,Diabetes og stofskifte Ambulatorium Herning,2.557,914,,,,,,,,,
Hospitalsenheden Vest,Diabetes og stofskifte Ambulatorium Holstebro,1.337,731,,,,,,,,,
Hospitalsenheden Vest,Ernæringsenheden Holstebro,513,229,,,,,,,,,
Hospitalsenheden Vest,Mave- tarm- og leversygdomme Ambulatorium Herning,<5,<5,,,,,,,,,
Hospitalsenheden Vest,Medicinske Senge Herning,-,-,,,,,,,,,
Hospitalsenheden Vest,Medicinske Senge Holstebro,-,-,,,,,,,,,
Hospitalsenheden Vest,Neurologisk Dagklinik / TCI Holstebro,<5,<5,,,,,,,,,
Hospitalsenheden Vest,Neurologiske Senge Holstebro,-,-,,,,,,,,,
Hospitalsenheden Vest,Nyremedicinsk Ambulatorium Holstebro,62,215,,,,,,,,,
Hospitalsenheden Vest,Ortopædkirurgisk Ambulatorium Holstebro,134,561,,,,,,,,,
Hospitalsenheden Vest,Ortopædkirurgiske Senge Holstebro,-,-,,,,,,,,,
Hospitalsenheden Vest,Skadestue Herning,-,-,,,,,,,,,
Hospitalsenheden Vest,Skadestue Holstebro,-,-,,,,,,,,,
Hospitalsenheden Vest,Øjen Ambulatorium Holstebro,6,<5,,,,,,,,,
Ikke relateret,Ikke relateret,-,-,,,,,,,,,
Kolding Sygehus,SLB Børneafdeling Senge (Kolding),-,-,,,,,,,,,
Kolding Sygehus,SLB Børneambulatoriet (Kolding),1.447,16,,,,,,,,,
Kolding Sygehus,"SLB Diabetes/Hormonsygdomme, Medicinsk Ambulatorium (Kolding",3.086,4.083,,,,,,,,,
Kolding Sygehus,SLB Dialysen (Kolding),<5,<5,,,,,,,,,
Kolding Sygehus,SLB FAM Karkirurgi (Kolding),-,-,,,,,,,,,
Kolding Sygehus,SLB FAM Medicinske Sygdomme (Kolding),-,<5,,,,,,,,,
Kolding Sygehus,SLB FAM Ortopædkirurgi (Kolding),-,<5,,,,,,,,,
Kolding Sygehus,SLB Karkirurgisk Ambulatorium (Kolding),124,458,,,,,,,,,
Kolding Sygehus,SLB Karkirurgiske Senge (Kolding),-,-,,,,,,,,,
Kolding Sygehus,"SLB Mave-Tarm Sygdomme, Medicinsk Ambulatorium (Kolding)",<5,-,,,,,,,,,
Kolding Sygehus,SLB Medicinsk Ambulatorium (Kolding),27,15,,,,,,,,,
Kolding Sygehus,SLB Medicinske Senge (Kolding),-,-,,,,,,,,,
Kolding Sygehus,"SLB Nyresygdomme, Medicinsk Ambulatorium (Kolding)",133,654,,,,,,,,,
Kolding Sygehus,SLB Ortopædkirurgisk Ambulatorium (Kolding),50,216,,,,,,,,,
Kolding Sygehus,SLB Ortopædkirurgiske Senge (Kolding),-,-,,,,,,,,,
OUH Odense Universitetshospital,Afdeling for medicinske mavetarmsygdomme S,-,-,,,,,,,,,
OUH Odense Universitetshospital,Ambulatorium for medicinske mavetarmsygdomme S,<5,144,,,,,,,,,
OUH Odense Universitetshospital,Børneafdelingen H,-,-,,,,,,,,,
OUH Odense Universitetshospital,"Børneafdelingen H, Ambulatorium",1.303,16,,,,,,,,,
OUH Odense Universitetshospital,Lungemedicinsk afdeling J,-,-,,,,,,,,,
OUH Odense Universitetshospital,Nyremedicinsk Afdeling Y,-,-,,,,,,,,,
OUH Odense Universitetshospital,Nyremedicinsk Ambulatorium Y,224,139,,,,,,,,,
OUH Odense Universitetshospital,Od Arbejds- og miljømed. klinik,<5,<5,,,,,,,,,
OUH Odense Universitetshospital,Od Endokrinologisk afdeling M,-,-,,,,,,,,,
OUH Odense Universitetshospital,Od Endokrinologisk ambulatorium M,34,70,,,,,,,,,
OUH Odense Universitetshospital,Od Gynækologisk ambulatorium D,<5,-,,,,,,,,,
OUH Odense Universitetshospital,Od Kirurgisk afdeling A,-,-,,,,,,,,,
OUH Odense Universitetshospital,Od Plastikkirurgisk afdeling Z,-,-,,,,,,,,,
OUH Odense Universitetshospital,Od Plastikkirurgisk ambulat. Z,317,471,,,,,,,,,
OUH Odense Universitetshospital,"Ortopædkirurgisk Afsnit O, OUH",-,-,,,,,,,,,
OUH Odense Universitetshospital,Ortopædkirurgisk Ambulatorium O,18,21,,,,,,,,,
OUH Odense Universitetshospital,OUH FAM Endokrinologi (Odense),-,-,,,,,,,,,
OUH Odense Universitetshospital,OUH FAM Karkirurgi (Odense),-,-,,,,,,,,,
OUH Odense Universitetshospital,OUH FAM Med. Mave-tarm (Odense),-,-,,,,,,,,,
OUH Odense Universitetshospital,OUH FAM Medicinsk (Odense),<5,-,,,,,,,,,
OUH Odense Universitetshospital,OUH FAM Medicinsk (Svendborg),-,-,,,,,,,,,
OUH Odense Universitetshospital,OUH FAM Organkirurgi (Odense),-,-,,,,,,,,,
OUH Odense Universitetshospital,OUH FAM Ortopædkirurgi (Odense),-,-,,,,,,,,,
OUH Odense Universitetshospital,OUH FAM Ortopædkirurgi (Svendborg),-,-,,,,,,,,,
OUH Odense Universitetshospital,OUH Geriatrisk Afsnit (Svendborg),-,-,,,,,,,,,
OUH Odense Universitetshospital,OUH Geriatrisk Amb. (Svendborg),<5,13,,,,,,,,,
OUH Odense Universitetshospital,OUH Medicinsk Afsnit (Svendborg),-,-,,,,,,,,,
OUH Odense Universitetshospital,OUH Medicinsk Afsnit (Ærø),-,-,,,,,,,,,
OUH Odense Universitetshospital,OUH Medicinsk Amb. (Svendborg),2.306,5.597,,,,,,,,,
OUH Odense Universitetshospital,OUH Steno Diabetescenter Amb. (Odense),6.91,6.387,,,,,,,,,
OUH Odense Universitetshospital,Reumatologisk afdeling C,-,-,,,,,,,,,
Private sygehuse,Private sygehuse,5,59,,,,,,,,,
Region Sjællands Sygehusvæsen,GAR Garantiklinik Kardiol.Amb.,<5,6,,,,,,,,,
Region Sjællands Sygehusvæsen,GAR Garantiklinik Urolog. Amb.,<5,<5,,,,,,,,,
Region Sjællands Sygehusvæsen,HOL Akut Afd.,-,-,,,,,,,,,
Region Sjællands Sygehusvæsen,"HOL Akut Afd., Skadestue",-,-,,,,,,,,,
Region Sjællands Sygehusvæsen,HOL Endokrinologisk Afd.,-,-,,,,,,,,,
Region Sjællands Sygehusvæsen,HOL Endokrinologisk Amb.,1.821,1.662,,,,,,,,,
Region Sjællands Sygehusvæsen,HOL Kardiologisk Amb.,-,53,,,,,,,,,
Region Sjællands Sygehusvæsen,HOL Kirurgisk Afd.,-,-,,,,,,,,,
Region Sjællands Sygehusvæsen,HOL Klinisk Diætist Amb.,<5,-,,,,,,,,,
Region Sjællands Sygehusvæsen,HOL Klinisk Diætist Pæd.  Amb.,20,-,,,,,,,,,
Region Sjællands Sygehusvæsen,HOL Medicinsk Amb.,<5,<5,,,,,,,,,
Region Sjællands Sygehusvæsen,HOL Medicinsk Amb. Kalundborg,376,481,,,,,,,,,
Region Sjællands Sygehusvæsen,HOL Nefrologisk Afd.,-,-,,,,,,,,,
Region Sjællands Sygehusvæsen,HOL Nefrologisk Amb.,29,186,,,,,,,,,
Region Sjællands Sygehusvæsen,HOL Ortopædkirurgisk Afd.,-,-,,,,,,,,,
Region Sjællands Sygehusvæsen,HOL Ortopædkirurgisk Amb.,<5,14,,,,,,,,,
Region Sjællands Sygehusvæsen,HOL Pædiatrisk Afd.,-,-,,,,,,,,,
Region Sjællands Sygehusvæsen,HOL Pædiatrisk Amb.,1.225,11,,,,,,,,,
Region Sjællands Sygehusvæsen,HOL Reumatologisk Amb.,<5,<5,,,,,,,,,
Region Sjællands Sygehusvæsen,KOE Akut Afd.,-,-,,,,,,,,,
Region Sjællands Sygehusvæsen,"KOE Akut Afd., Skadestue",-,-,,,,,,,,,
Region Sjællands Sygehusvæsen,KOE Endokrinologisk Amb.,2.191,2.026,,,,,,,,,
Region Sjællands Sygehusvæsen,KOE Kirurgisk Afd.,-,-,,,,,,,,,
Region Sjællands Sygehusvæsen,KOE Klinisk Diætist Amb.,24,15,,,,,,,,,
Region Sjællands Sygehusvæsen,KOE Med. Gastro/hepatol. Amb.,<5,<5,,,,,,,,,
Region Sjællands Sygehusvæsen,KOE Medicinsk Afd.,-,-,,,,,,,,,
Region Sjællands Sygehusvæsen,KOE Ortopædkirurgisk Afd.,-,-,,,,,,,,,
Region Sjællands Sygehusvæsen,KOE Ortopædkirurgisk Amb.,53,312,,,,,,,,,
Region Sjællands Sygehusvæsen,KOE Reumatologisk Amb.,<5,<5,,,,,,,,,
Region Sjællands Sygehusvæsen,"KOE Skade, Roskilde",-,-,,,,,,,,,
Region Sjællands Sygehusvæsen,NAE Anæstesi Amb.,-,-,,,,,,,,,
Region Sjællands Sygehusvæsen,NAE Endokrinologisk Amb.,1.436,1.049,,,,,,,,,
Region Sjællands Sygehusvæsen,NAE ETUB,<5,36,,,,,,,,,
Region Sjællands Sygehusvæsen,NAE Kardiologisk Amb.,<5,13,,,,,,,,,
Region Sjællands Sygehusvæsen,NAE Ortopædkirurgisk Amb.,<5,8,,,,,,,,,
Region Sjællands Sygehusvæsen,NAE Trombose Amb,<5,<5,,,,,,,,,
Region Sjællands Sygehusvæsen,NFS Akut Afd.,-,-,,,,,,,,,
Region Sjællands Sygehusvæsen,"NFS Akut Afd., Skadestue",-,-,,,,,,,,,
Region Sjællands Sygehusvæsen,NFS Akut Amb.,-,-,,,,,,,,,
Region Sjællands Sygehusvæsen,NFS Endokrinologisk Amb.,946,2.132,,,,,,,,,
Region Sjællands Sygehusvæsen,NFS Kardiologisk Amb.,<5,<5,,,,,,,,,
Region Sjællands Sygehusvæsen,NFS Medicinsk Afd.,-,-,,,,,,,,,
Region Sjællands Sygehusvæsen,NFS Medicinsk Amb.,<5,<5,,,,,,,,,
Region Sjællands Sygehusvæsen,NFS Medicinsk Amb. Nakskov,168,306,,,,,,,,,
Region Sjællands Sygehusvæsen,NFS Ortopædkirurgisk Afd.,-,-,,,,,,,,,
Region Sjællands Sygehusvæsen,NFS Ortopædkirurgisk Amb.,20,90,,,,,,,,,
Region Sjællands Sygehusvæsen,NFS Pædiatrisk Afd.,<5,-,,,,,,,,,
Region Sjællands Sygehusvæsen,NFS Pædiatrisk Amb.,273,-,,,,,,,,,
Region Sjællands Sygehusvæsen,ROS Brystkir. Amb. Ringsted,<5,-,,,,,,,,,
Region Sjællands Sygehusvæsen,ROS ETUB,<5,12,,,,,,,,,
Region Sjællands Sygehusvæsen,ROS Kardiologisk Amb.,25,109,,,,,,,,,
Region Sjællands Sygehusvæsen,ROS Kardiologisk Lab.,-,<5,,,,,,,,,
Region Sjællands Sygehusvæsen,ROS Med. Skade,-,-,,,,,,,,,
Region Sjællands Sygehusvæsen,ROS Medicinsk Afd.,-,-,,,,,,,,,
Region Sjællands Sygehusvæsen,ROS Nefrologisk Amb.,18,359,,,,,,,,,
Region Sjællands Sygehusvæsen,ROS Nefrologisk Amb. Nyk.F,10,131,,,,,,,,,
Region Sjællands Sygehusvæsen,ROS Pædiatrisk Afd.,-,-,,,,,,,,,
Region Sjællands Sygehusvæsen,ROS Pædiatrisk Amb.,1.029,-,,,,,,,,,
Region Sjællands Sygehusvæsen,ROS Øjen Amb.,22,8,,,,,,,,,
Region Sjællands Sygehusvæsen,"ROS Øjen Amb., Næstved",27,18,,,,,,,,,
Region Sjællands Sygehusvæsen,SLA Akut Afd.,-,-,,,,,,,,,
Region Sjællands Sygehusvæsen,"SLA Akut Afd., Skadestue",-,-,,,,,,,,,
Region Sjællands Sygehusvæsen,SLA Endokrinologisk Afd.,-,-,,,,,,,,,
Region Sjællands Sygehusvæsen,SLA Endokrinologisk Amb.,1.444,1.869,,,,,,,,,
Region Sjællands Sygehusvæsen,SLA Kardiologisk Afd.,-,-,,,,,,,,,
Region Sjællands Sygehusvæsen,SLA Kardiologisk Amb.,<5,31,,,,,,,,,
Region Sjællands Sygehusvæsen,SLA Kirurgisk Amb.,<5,-,,,,,,,,,
Region Sjællands Sygehusvæsen,SLA Klinisk Diætist Amb.,5,-,,,,,,,,,
Region Sjællands Sygehusvæsen,SLA Klinisk Diætist Pæd. Amb.,<5,-,,,,,,,,,
Region Sjællands Sygehusvæsen,SLA Med. Gastroenterol. Amb.,<5,<5,,,,,,,,,
Region Sjællands Sygehusvæsen,SLA Med. Gastroenterolog. Afd.,-,-,,,,,,,,,
Region Sjællands Sygehusvæsen,SLA Neurologisk Amb.,<5,<5,,,,,,,,,
Region Sjællands Sygehusvæsen,SLA Ortopædkirurgisk Afd.,-,-,,,,,,,,,
Region Sjællands Sygehusvæsen,SLA Ortopædkirurgisk Amb.,103,429,,,,,,,,,
Region Sjællands Sygehusvæsen,SLA Pædiatrisk Afd.,-,-,,,,,,,,,
Region Sjællands Sygehusvæsen,SLA Pædiatrisk Amb.,528,8,,,,,,,,,
Region Sjællands Sygehusvæsen,SLA Reumatologisk Amb.,<5,<5,,,,,,,,,
Regionshospital Nordjylland Ven,FRH Medicinsk Ambulatorium,1.751,2.918,,,,,,,,,
Regionshospital Nordjylland Ven,Hjr Akut Modtageafdeling,-,-,,,,,,,,,
Regionshospital Nordjylland Ven,Hjr Børn og Unge afd.,-,-,,,,,,,,,
Regionshospital Nordjylland Ven,Hjr Dagafdeling for børn og unge,<5,-,,,,,,,,,
Regionshospital Nordjylland Ven,HJR Medicinsk Ambulatorium,6,54,,,,,,,,,
Regionshospital Nordjylland Ven,HJR Medicinsk Sengeafsnit,-,-,,,,,,,,,
Regionshospital Nordjylland Ven,Hjr Skadestue,-,-,,,,,,,,,
Regionshospital Nordjylland Ven,RHN Børn og Unge amb.,717,-,,,,,,,,,
Regionshospitalet Horsens,"Akutafdelingen, Sengeafdeling - RHH",-,-,,,,,,,,,
Regionshospitalet Horsens,"Akutafdelingen, Skadestuen - RHH",-,-,,,,,,,,,
Regionshospitalet Horsens,Klinik for Medicinske Sygdomme,2.407,2.394,,,,,,,,,
Regionshospitalet Horsens,Klinik for Ortopædkirurgi - RHH,72,283,,,,,,,,,
Regionshospitalet Horsens,"Livsstilscenter Brædstrup, Klinik for Livsstil - BRÆ",93,301,,,,,,,,,
Regionshospitalet Horsens,"Livsstilscenter Brædstrup, Sengeafdeling - BRÆ",-,-,,,,,,,,,
Regionshospitalet Horsens,Medicinsk Afdeling - RHH,-,-,,,,,,,,,
Regionshospitalet Horsens,Ortopædkirurgisk sengeafdeling - RHH,-,-,,,,,,,,,
Regionshospitalet Randers,Akut Dagklinik - Randers,<5,-,,,,,,,,,
Regionshospitalet Randers,Akutafdelingen - Randers,-,-,,,,,,,,,
Regionshospitalet Randers,Børn og Unge - Randers,-,-,,,,,,,,,
Regionshospitalet Randers,Børn og Unge Klinik - Randers,986,<5,,,,,,,,,
Regionshospitalet Randers,Ernæring - Randers,133,177,,,,,,,,,
Regionshospitalet Randers,Klinik for Diabetes og Hormonsygdomme - Randers,1.76,2.006,,,,,,,,,
Regionshospitalet Randers,Medicinsk - Randers,-,-,,,,,,,,,
Regionshospitalet Randers,Ortopædkirurgi - Randers,-,-,,,,,,,,,
Regionshospitalet Randers,Ortopædkirurgisk Klinik - Randers,65,192,,,,,,,,,
Rigshospitalet,Akutklinikken GLO,-,-,,,,,,,,,
Rigshospitalet,"Anæstesi-/operationsklinik, ABD",-,-,,,,,,,,,
Rigshospitalet,"Børnemodtagelsen, GGK",-,-,,,,,,,,,
Rigshospitalet,"Hjertemedicinsk klinik B, ambulatorium",<5,9,,,,,,,,,
Rigshospitalet,"Hjertemedicinsk klinik B, heldøgn",-,-,,,,,,,,,
Rigshospitalet,"Hyberbar iltbehandling, HOC",224,109,,,,,,,,,
Rigshospitalet,"Intensiv pædiatri, GGK heldøgn",-,-,,,,,,,,,
Rigshospitalet,"Karkirurgisk klinik RK, ambulatorium",<5,17,,,,,,,,,
Rigshospitalet,"Karkirurgisk klinik RK, heldøgn",-,-,,,,,,,,,
Rigshospitalet,"Kir. gastroent. klinik C, transplant. kl., heldøgn",-,-,,,,,,,,,
Rigshospitalet,"Kirurgisk gastroenterologisk klinik C, heldøgn",-,-,,,,,,,,,
Rigshospitalet,Med. endokrin. amb. GLO,63,3.554,,,,,,,,,
Rigshospitalet,Med. kardiologisk amb. GLO,<5,20,,,,,,,,,
Rigshospitalet,"Medicinsk endokrinologisk klinik PE, amb.",2.309,2.168,,,,,,,,,
Rigshospitalet,"Medicinsk endokrinologisk klinik PE, heldøgn",-,-,,,,,,,,,
Rigshospitalet,"Medicinsk klinik for Mave-, Tarm- og Leversygdomme CA, senge",-,-,,,,,,,,,
Rigshospitalet,"Medicinsk sengeafd., MG GLO",-,-,,,,,,,,,
Rigshospitalet,"Nefrologisk klinik P, ambulatorium",182,2.348,,,,,,,,,
Rigshospitalet,"Nefrologisk klinik P, heldøgn",-,-,,,,,,,,,
Rigshospitalet,"Obstetrisk klinik Y, ambulatorium",371,59,,,,,,,,,
Rigshospitalet,"Obstetrisk klinik Y, heldøgn",-,-,,,,,,,,,
Rigshospitalet,"Ortopædkirurgisk klinik U, heldøgn",-,-,,,,,,,,,
Rigshospitalet,"Traumecenter og Akut Modtagelse TC, Visiteret skadestue",-,-,,,,,,,,,
Rigshospitalet,"Urologisk klinik D, ambulatorium",<5,<5,,,,,,,,,
Rigshospitalet,Øjenklinik kir. retina amb GLO,5,12,,,,,,,,,
Rigshospitalet,Øjenklinik med. retina amb GLO,28,118,,,,,,,,,
Rigshospitalet,"Øjenklinik, akut amb GLO",-,-,,,,,,,,,
Rigshospitalet,"Øjenklinik, AMD amb GLO",<5,11,,,,,,,,,
Rigshospitalet,"Øjenklinik, forskning GLO",21,16,,,,,,,,,
Rigshospitalet,"Øjenklinik, katarakt amb GLO",<5,-,,,,,,,,,
Rigshospitalet,"Øjenklinik, Kennedy GLO",<5,<5,,,,,,,,,
Rigshospitalet,"Øjenklinik, senge GLO",-,-,,,,,,,,,
Rigshospitalet,"Øjenklinikken Ø, amb",<5,-,,,,,,,,,
Rigshospitalet,"Øre-, næse- og halskirurgisk klinik F, heldøgn",-,-,,,,,,,,,
Steno Diabetes Center,"Steno Diabetes center, ambulant",17.181,17.267,,,,,,,,,
Steno Diabetes Center,"Steno Diabetes Center, Klinisk forskning",143,568,,,,,,,,,
Sydvestjysk Sygehus,SVS Endokrinologisk afsnit (Esbjerg),-,-,,,,,,,,,
Sydvestjysk Sygehus,SVS Endokrinologisk ambulatorium (Esbjerg),2.56,3.946,,,,,,,,,
Sydvestjysk Sygehus,SVS Endokrinologisk ambulatorium (Grindsted),323,521,,,,,,,,,
Sydvestjysk Sygehus,SVS FAM Børne- og ungeafsnit (Esbjerg),-,-,,,,,,,,,
Sydvestjysk Sygehus,SVS FAM Medicinsk afsnit (Esbjerg),-,-,,,,,,,,,
Sydvestjysk Sygehus,SVS FAM Ortopædkirurgisk afsnit (Esbjerg),-,-,,,,,,,,,
Sydvestjysk Sygehus,SVS Gastroenterologisk ambulatorium (Esbjerg),<5,-,,,,,,,,,
Sydvestjysk Sygehus,SVS Kardiologisk ambulatorium (Esbjerg),<5,8,,,,,,,,,
Sydvestjysk Sygehus,SVS Karkirurgisk ambulatorium (Esbjerg),10,31,,,,,,,,,
Sydvestjysk Sygehus,SVS Nefrologisk afsnit (Esbjerg),-,-,,,,,,,,,
Sydvestjysk Sygehus,SVS Nefrologisk ambulatorium (Esbjerg),10,43,,,,,,,,,
Sydvestjysk Sygehus,SVS Neurologisk afsnit (Esbjerg),-,-,,,,,,,,,
Sydvestjysk Sygehus,SVS Ortopædkirurgisk afsnit (Esbjerg),-,-,,,,,,,,,
Sydvestjysk Sygehus,SVS Ortopædkirurgisk ambulatorium (Esbjerg),89,209,,,,,,,,,
Sydvestjysk Sygehus,SVS Parenkymkirurgisk ambulatorium (Esbjerg),<5,-,,,,,,,,,
Sydvestjysk Sygehus,SVS Plastikkirurgisk ambulatorium (Grindsted),<5,-,,,,,,,,,
Sydvestjysk Sygehus,SVS Pædiatrisk afsnit (Esbjerg),-,-,,,,,,,,,
Sydvestjysk Sygehus,SVS Pædiatrisk ambulatorium (Esbjerg),560,-,,,,,,,,,
Sygehus Sønderjylland,SHS Børn og Unge Ambulatorier (Aabenraa),716,-,,,,,,,,,
Sygehus Sønderjylland,SHS Børn og Unge Sengeafsnit (Aabenraa),-,-,,,,,,,,,
Sygehus Sønderjylland,SHS Diabetes Ambulatorier (Tønder),326,655,,,,,,,,,
Sygehus Sønderjylland,SHS Diabetes og Hormonambulatorier (Aabenra),680,1.444,,,,,,,,,
Sygehus Sønderjylland,SHS Diabetes og Hormonambulatorier (Sønderborg),1.749,2.386,,,,,,,,,
Sygehus Sønderjylland,SHS Diætist Ambulatorier (Sønderborg),<5,<5,,,,,,,,,
Sygehus Sønderjylland,SHS FAM Sengeafsnit (Aabenraa),-,-,,,,,,,,,
Sygehus Sønderjylland,SHS Hjerne- og Nervesygdomme Ambulatorier (Sønderborg),<5,-,,,,,,,,,
Sygehus Sønderjylland,SHS Hjertesygdomme Ambulatorium (Aabenraa),<5,<5,,,,,,,,,
Sygehus Sønderjylland,SHS Hjertesygdomme Ambulatorium (Sønderborg),5,<5,,,,,,,,,
Sygehus Sønderjylland,SHS Lungesygdomme Sengeafsnit (Sønderborg),-,-,,,,,,,,,
Sygehus Sønderjylland,SHS Mave-tarmsygdomme Ambulatorium (Aabenraa),<5,<5,,,,,,,,,
Sygehus Sønderjylland,SHS Medicinsk Daghospital Ambulatorier (Tønder),19,102,,,,,,,,,
Sygehus Sønderjylland,SHS Medicinsk Modtagelse Ambulatorium (Sønderborg),<5,6,,,,,,,,,
Sygehus Sønderjylland,SHS Medicinsk Modtagelse Sengeafsnit (Sønderborg),-,-,,,,,,,,,
Sygehus Sønderjylland,SHS Medicinske Sygdomme Ambulatorier (Aabenraa),<5,<5,,,,,,,,,
Sygehus Sønderjylland,SHS Medicinske Sygdomme Sengeafsnit (Aabenraa),-,-,,,,,,,,,
Sygehus Sønderjylland,SHS Neonatal og Barsel Ambulatorium (Aabenraa),<5,-,,,,,,,,,
Sygehus Sønderjylland,SHS Nyresygdomme Ambulatorier (Sønderborg),16,450,,,,,,,,,
Sygehus Sønderjylland,SHS Nyresygdomme Dialyse (Sønderborg),<5,369,,,,,,,,,
Sygehus Sønderjylland,SHS Nyresygdomme Sengeafsnit (Sønderborg),-,-,,,,,,,,,
Sygehus Sønderjylland,SHS Skadestue (Aabenraa),-,-,,,,,,,,,
Sygehus Sønderjylland,SHS Sårambulatorier (Sønderborg),5,7,,,,,,,,,
Sygehus Sønderjylland,SHS Ældresygdomme Sengeafsnit (Aabenraa),-,-,,,,,,,,,
Sygehus Sønderjylland,SHS Øjensygdomme Ambulatorium (Sønderborg),19,-,,,,,,,,,
Vejle Sygehus,SLB Diagnostisk Center (Vejle),<5,6,,,,,,,,,
Vejle Sygehus,SLB Endokrinologisk Ambulatorium (Vejle),1.565,1.6,,,,,,,,,
Vejle Sygehus,SLB Gastroenterologisk Ambulatorium (Vejle),<5,<5,,,,,,,,,
Vejle Sygehus,SLB Medicinsk Afsnit (Vejle),-,-,,,,,,,,,
Vejle Sygehus,SLB Medicinsk Skadestue (Vejle),-,-,,,,,,,,,
Vejle Sygehus,SLB Ortopædkirurgisk Ambulatorium (Vejle),<5,<5,,,,,,,,,
Vejle Sygehus,SLB Skadestuen (Vejle),-,-,,,,,,,,,
Vejle Sygehus,SLB Øjenambulatorium (Vejle),<5,-,,,,,,,,,
